index,text,rating_numerator,rating_denominator,
45,"This is Bella. She hopes her smile made you smile. If not, she is also offering you her favorite monkey. 13.5/10 https://t.co/qjrljjt948",13.5,10,8.83482846933004E+017
55,@roushfenway These are good dogs but 17/10 is an emotional impulse rating. More like 13/10s,13,10,
313,"@jonnysun @Lin_Manuel ok jomny I know you're excited but 960/00 isn't a valid rating, 13/10 is tho",13,10,
763,This is Sophie. She's a Jubilant Bush Pupper. Super h*ckin rare. Appears at random just to smile at the locals. 11.27/10 would smile back https://t.co/QFaUiIHxHq,11.27,10,7.78027034220126E+017
766,"""Yep... just as I suspected. You're not flossing."" 12/10 and 11/10 for the pup not flossing https://t.co/SuXcI9B7pQ",23,20,
1007,This is Bookstore and Seaweed. Bookstore is tired and Seaweed is an asshole. 10/10 and 7/10 respectively https://t.co/eUGjGjjFVJ,17,20,
1068,"After so many requests, this is Bretagne. She was the last surviving 9/11 search dog, and our second ever 14/10. RIP https://t.co/XAVDNDaVgQ",14,10,
1165,Happy 4/20 from the squad! 13/10 for all https://t.co/eV1diwds8a,13,10,
1202,This is Bluebert. He just saw that both #FinalFur match ups are split 50/50. Amazed af. 11/10 https://t.co/Kky1DPG4iq,11,10,
1222,"Meet Travis and Flurp. Travis is pretty chill but Flurp can't lie down properly. 10/10 &amp; 8/10
get it together Flurp https://t.co/Akzl5ynMmE",18,20,
1359,This is Socks. That water pup w the super legs just splashed him. Socks did not appreciate that. 9/10 and 2/10 https://t.co/8rc5I22bBf,9,10,
1459,"This may be the greatest video I've ever been sent. 4/10 for Charles the puppy, 13/10 overall. (Vid by @stevenxx_) https://t.co/uaJmNgXR2P",13,10,
1465,Meet Olivi√©r. He takes killer selfies. Has a dog of his own. It leaps at random &amp; can't bark for shit. 10/10 &amp; 5/10 https://t.co/6NgsQJuSBJ,10,10,
1508,When bae says they can't go out but you see them with someone else that same night. 5/10 &amp; 10/10 for heartbroken pup https://t.co/aenk0KpoWM,15,20,
1525,"This is Eriq. His friend just reminded him of last year's super bowl. Not cool friend
10/10 for Eriq
6/10 for friend https://t.co/PlEXTofdpf",10,10,
1538,Meet Fynn &amp; Taco. Fynn is an all-powerful leaf lord and Taco is in the wrong place at the wrong time. 11/10 &amp; 10/10 https://t.co/MuqHPvtL8c,21,20,
1662,This is Darrel. He just robbed a 7/11 and is in a high speed police chase. Was just spotted by the helicopter 10/10 https://t.co/7EsP8LmSp5,10,10,
1712,Here we have uncovered an entire battalion of holiday puppers. Average of 11.26/10 https://t.co/eNm2S6p9BD,11.26,10,6.80494726643069E+017
1795,"Meet Tassy &amp; Bee. Tassy is pretty chill, but Bee is convinced the Ruffles are haunted. 10/10 &amp; 11/10 respectively https://t.co/fgORpmTN9C",21,20,
1832,These two pups just met and have instantly bonded. Spectacular scene. Mesmerizing af. 10/10 and 7/10 for blue dog https://t.co/gwryaJO4tC,10,10,
1897,Meet Rufio. He is unaware of the pink legless pupper wrapped around him. Might want to get that checked 10/10 &amp; 4/10 https://t.co/KNfLnYPmYh,10,10,
1901,Two gorgeous dogs here. Little waddling dog is a rebel. Refuses to look at camera. Must be a preteen. 5/10 &amp; 8/10 https://t.co/YPfw7oahbD,8,10,
1970,Meet Eve. She's a raging alcoholic 8/10 (would b 11/10 but pupper alcoholism is a tragic issue that I can't condone) https://t.co/U36HYQIijg,8,10,
2010,10/10 for dog. 7/10 for cat. 12/10 for human. Much skill. Would pet all https://t.co/uhx5gfpx5k,10,10,
2064,Meet Holly. She's trying to teach small human-like pup about blocks but he's not paying attention smh. 11/10 &amp; 8/10 https://t.co/RcksaUrGNu,11,10,
2113,Meet Hank and Sully. Hank is very proud of the pumpkin they found and Sully doesn't give a shit. 11/10 and 8/10 https://t.co/cwoP1ftbrj,11,10,
2177,"Here we have Pancho and Peaches. Pancho is a Condoleezza Gryffindor, and Peaches is just an asshole. 10/10 &amp; 7/10 https://t.co/Lh1BsJrWPp",10,10,
2216,This is Spark. He's nervous. Other dog hasn't moved in a while. Won't come when called. Doesn't fetch well 8/10&amp;1/10 https://t.co/stEodX9Aba,8,10,
2263,"This is Kial. Kial is either wearing a cape, which would be rad, or flashing us, which would be rude. 10/10 or 4/10 https://t.co/8zcwIoiuqR",4,10,
2272,Two dogs in this one. Both are rare Jujitsu Pythagoreans. One slightly whiter than other. Long legs. 7/10 and 8/10 https://t.co/ITxxcc4v9y,7,10,
2298,After much debate this dog is being upgraded to 10/10. I repeat 10/10,10,10,
2306,These are Peruvian Feldspars. Their names are Cupit and Prencer. Both resemble Rand Paul. Sick outfits 10/10 &amp; 10/10 https://t.co/ZnEMHBsAs1,20,20,
2335,This is an Albanian 3 1/2 legged  Episcopalian. Loves well-polished hardwood flooring. Penis on the collar. 9/10 https://t.co/d9NcXFKwLv,9,10,
